,國家,日期,總死亡數
164017,台灣,2020-02-16,1
164018,台灣,2020-02-17,1
164019,台灣,2020-02-18,1
164020,台灣,2020-02-19,1
164021,台灣,2020-02-20,1
164022,台灣,2020-02-21,1
164023,台灣,2020-02-22,1
164024,台灣,2020-02-23,1
164025,台灣,2020-02-24,1
164026,台灣,2020-02-25,1
164027,台灣,2020-02-26,1
164028,台灣,2020-02-27,1
164029,台灣,2020-02-28,1
164030,台灣,2020-02-29,1
164031,台灣,2020-03-01,1
164032,台灣,2020-03-02,1
164033,台灣,2020-03-03,1
164034,台灣,2020-03-04,1
164035,台灣,2020-03-05,1
164036,台灣,2020-03-06,1
164037,台灣,2020-03-07,1
164038,台灣,2020-03-08,1
164039,台灣,2020-03-09,1
164040,台灣,2020-03-10,1
164041,台灣,2020-03-11,1
164042,台灣,2020-03-12,1
164043,台灣,2020-03-13,1
164044,台灣,2020-03-14,1
164045,台灣,2020-03-15,1
164046,台灣,2020-03-16,1
164047,台灣,2020-03-17,1
164048,台灣,2020-03-18,1
164049,台灣,2020-03-19,1
164050,台灣,2020-03-20,2
164051,台灣,2020-03-21,2
164052,台灣,2020-03-22,2
164053,台灣,2020-03-23,2
164054,台灣,2020-03-24,2
164055,台灣,2020-03-25,2
164056,台灣,2020-03-26,2
164057,台灣,2020-03-27,2
164058,台灣,2020-03-28,2
164059,台灣,2020-03-29,2
164060,台灣,2020-03-30,5
164061,台灣,2020-03-31,5
164062,台灣,2020-04-01,5
164063,台灣,2020-04-02,5
164064,台灣,2020-04-03,5
164065,台灣,2020-04-04,5
164066,台灣,2020-04-05,5
164067,台灣,2020-04-06,5
164068,台灣,2020-04-07,5
164069,台灣,2020-04-08,5
164070,台灣,2020-04-09,5
164071,台灣,2020-04-10,6
164072,台灣,2020-04-11,6
164073,台灣,2020-04-12,6
164074,台灣,2020-04-13,6
164075,台灣,2020-04-14,6
164076,台灣,2020-04-15,6
164077,台灣,2020-04-16,6
164078,台灣,2020-04-17,6
164079,台灣,2020-04-18,6
164080,台灣,2020-04-19,6
164081,台灣,2020-04-20,6
164082,台灣,2020-04-21,6
164083,台灣,2020-04-22,6
164084,台灣,2020-04-23,6
164085,台灣,2020-04-24,6
164086,台灣,2020-04-25,6
164087,台灣,2020-04-26,6
164088,台灣,2020-04-27,6
164089,台灣,2020-04-28,6
164090,台灣,2020-04-29,6
164091,台灣,2020-04-30,6
164092,台灣,2020-05-01,6
164093,台灣,2020-05-02,6
164094,台灣,2020-05-03,6
164095,台灣,2020-05-04,6
164096,台灣,2020-05-05,6
164097,台灣,2020-05-06,6
164098,台灣,2020-05-07,6
164099,台灣,2020-05-08,6
164100,台灣,2020-05-09,6
164101,台灣,2020-05-10,6
164102,台灣,2020-05-11,7
164103,台灣,2020-05-12,7
164104,台灣,2020-05-13,7
164105,台灣,2020-05-14,7
164106,台灣,2020-05-15,7
164107,台灣,2020-05-16,7
164108,台灣,2020-05-17,7
164109,台灣,2020-05-18,7
164110,台灣,2020-05-19,7
164111,台灣,2020-05-20,7
164112,台灣,2020-05-21,7
164113,台灣,2020-05-22,7
164114,台灣,2020-05-23,7
164115,台灣,2020-05-24,7
164116,台灣,2020-05-25,7
164117,台灣,2020-05-26,7
164118,台灣,2020-05-27,7
164119,台灣,2020-05-28,7
164120,台灣,2020-05-29,7
164121,台灣,2020-05-30,7
164122,台灣,2020-05-31,7
164123,台灣,2020-06-01,7
164124,台灣,2020-06-02,7
164125,台灣,2020-06-03,7
164126,台灣,2020-06-04,7
164127,台灣,2020-06-05,7
164128,台灣,2020-06-06,7
164129,台灣,2020-06-07,7
164130,台灣,2020-06-08,7
164131,台灣,2020-06-09,7
164132,台灣,2020-06-10,7
164133,台灣,2020-06-11,7
164134,台灣,2020-06-12,7
164135,台灣,2020-06-13,7
164136,台灣,2020-06-14,7
164137,台灣,2020-06-15,7
164138,台灣,2020-06-16,7
164139,台灣,2020-06-17,7
164140,台灣,2020-06-18,7
164141,台灣,2020-06-19,7
164142,台灣,2020-06-20,7
164143,台灣,2020-06-21,7
164144,台灣,2020-06-22,7
164145,台灣,2020-06-23,7
164146,台灣,2020-06-24,7
164147,台灣,2020-06-25,7
164148,台灣,2020-06-26,7
164149,台灣,2020-06-27,7
164150,台灣,2020-06-28,7
164151,台灣,2020-06-29,7
164152,台灣,2020-06-30,7
164153,台灣,2020-07-01,7
164154,台灣,2020-07-02,7
164155,台灣,2020-07-03,7
164156,台灣,2020-07-04,7
164157,台灣,2020-07-05,7
164158,台灣,2020-07-06,7
164159,台灣,2020-07-07,7
164160,台灣,2020-07-08,7
164161,台灣,2020-07-09,7
164162,台灣,2020-07-10,7
164163,台灣,2020-07-11,7
164164,台灣,2020-07-12,7
164165,台灣,2020-07-13,7
164166,台灣,2020-07-14,7
164167,台灣,2020-07-15,7
164168,台灣,2020-07-16,7
164169,台灣,2020-07-17,7
164170,台灣,2020-07-18,7
164171,台灣,2020-07-19,7
164172,台灣,2020-07-20,7
164173,台灣,2020-07-21,7
164174,台灣,2020-07-22,7
164175,台灣,2020-07-23,7
164176,台灣,2020-07-24,7
164177,台灣,2020-07-25,7
164178,台灣,2020-07-26,7
164179,台灣,2020-07-27,7
164180,台灣,2020-07-28,7
164181,台灣,2020-07-29,7
164182,台灣,2020-07-30,7
164183,台灣,2020-07-31,7
164184,台灣,2020-08-01,7
164185,台灣,2020-08-02,7
164186,台灣,2020-08-03,7
164187,台灣,2020-08-04,7
164188,台灣,2020-08-05,7
164189,台灣,2020-08-06,7
164190,台灣,2020-08-07,7
164191,台灣,2020-08-08,7
164192,台灣,2020-08-09,7
164193,台灣,2020-08-10,7
164194,台灣,2020-08-11,7
164195,台灣,2020-08-12,7
164196,台灣,2020-08-13,7
164197,台灣,2020-08-14,7
164198,台灣,2020-08-15,7
164199,台灣,2020-08-16,7
164200,台灣,2020-08-17,7
164201,台灣,2020-08-18,7
164202,台灣,2020-08-19,7
164203,台灣,2020-08-20,7
164204,台灣,2020-08-21,7
164205,台灣,2020-08-22,7
164206,台灣,2020-08-23,7
164207,台灣,2020-08-24,7
164208,台灣,2020-08-25,7
164209,台灣,2020-08-26,7
164210,台灣,2020-08-27,7
164211,台灣,2020-08-28,7
164212,台灣,2020-08-29,7
164213,台灣,2020-08-30,7
164214,台灣,2020-08-31,7
164215,台灣,2020-09-01,7
164216,台灣,2020-09-02,7
164217,台灣,2020-09-03,7
164218,台灣,2020-09-04,7
164219,台灣,2020-09-05,7
164220,台灣,2020-09-06,7
164221,台灣,2020-09-07,7
164222,台灣,2020-09-08,7
164223,台灣,2020-09-09,7
164224,台灣,2020-09-10,7
164225,台灣,2020-09-11,7
164226,台灣,2020-09-12,7
164227,台灣,2020-09-13,7
164228,台灣,2020-09-14,7
164229,台灣,2020-09-15,7
164230,台灣,2020-09-16,7
164231,台灣,2020-09-17,7
164232,台灣,2020-09-18,7
164233,台灣,2020-09-19,7
164234,台灣,2020-09-20,7
164235,台灣,2020-09-21,7
164236,台灣,2020-09-22,7
164237,台灣,2020-09-23,7
164238,台灣,2020-09-24,7
164239,台灣,2020-09-25,7
164240,台灣,2020-09-26,7
164241,台灣,2020-09-27,7
164242,台灣,2020-09-28,7
164243,台灣,2020-09-29,7
164244,台灣,2020-09-30,7
164245,台灣,2020-10-01,7
164246,台灣,2020-10-02,7
164247,台灣,2020-10-03,7
164248,台灣,2020-10-04,7
164249,台灣,2020-10-05,7
164250,台灣,2020-10-06,7
164251,台灣,2020-10-07,7
164252,台灣,2020-10-08,7
164253,台灣,2020-10-09,7
164254,台灣,2020-10-10,7
164255,台灣,2020-10-11,7
164256,台灣,2020-10-12,7
164257,台灣,2020-10-13,7
164258,台灣,2020-10-14,7
164259,台灣,2020-10-15,7
164260,台灣,2020-10-16,7
164261,台灣,2020-10-17,7
164262,台灣,2020-10-18,7
164263,台灣,2020-10-19,7
164264,台灣,2020-10-20,7
164265,台灣,2020-10-21,7
164266,台灣,2020-10-22,7
164267,台灣,2020-10-23,7
164268,台灣,2020-10-24,7
164269,台灣,2020-10-25,7
164270,台灣,2020-10-26,7
164271,台灣,2020-10-27,7
164272,台灣,2020-10-28,7
164273,台灣,2020-10-29,7
164274,台灣,2020-10-30,7
164275,台灣,2020-10-31,7
164276,台灣,2020-11-01,7
164277,台灣,2020-11-02,7
164278,台灣,2020-11-03,7
164279,台灣,2020-11-04,7
164280,台灣,2020-11-05,7
164281,台灣,2020-11-06,7
164282,台灣,2020-11-07,7
164283,台灣,2020-11-08,7
164284,台灣,2020-11-09,7
164285,台灣,2020-11-10,7
164286,台灣,2020-11-11,7
164287,台灣,2020-11-12,7
164288,台灣,2020-11-13,7
164289,台灣,2020-11-14,7
164290,台灣,2020-11-15,7
164291,台灣,2020-11-16,7
164292,台灣,2020-11-17,7
164293,台灣,2020-11-18,7
164294,台灣,2020-11-19,7
164295,台灣,2020-11-20,7
164296,台灣,2020-11-21,7
164297,台灣,2020-11-22,7
164298,台灣,2020-11-23,7
164299,台灣,2020-11-24,7
164300,台灣,2020-11-25,7
164301,台灣,2020-11-26,7
164302,台灣,2020-11-27,7
164303,台灣,2020-11-28,7
164304,台灣,2020-11-29,7
164305,台灣,2020-11-30,7
164306,台灣,2020-12-01,7
164307,台灣,2020-12-02,7
164308,台灣,2020-12-03,7
164309,台灣,2020-12-04,7
164310,台灣,2020-12-05,7
164311,台灣,2020-12-06,7
164312,台灣,2020-12-07,7
164313,台灣,2020-12-08,7
164314,台灣,2020-12-09,7
164315,台灣,2020-12-10,7
164316,台灣,2020-12-11,7
164317,台灣,2020-12-12,7
164318,台灣,2020-12-13,7
164319,台灣,2020-12-14,7
164320,台灣,2020-12-15,7
164321,台灣,2020-12-16,7
164322,台灣,2020-12-17,7
164323,台灣,2020-12-18,7
164324,台灣,2020-12-19,7
164325,台灣,2020-12-20,7
164326,台灣,2020-12-21,7
164327,台灣,2020-12-22,7
164328,台灣,2020-12-23,7
164329,台灣,2020-12-24,7
164330,台灣,2020-12-25,7
164331,台灣,2020-12-26,7
164332,台灣,2020-12-27,7
164333,台灣,2020-12-28,7
164334,台灣,2020-12-29,7
164335,台灣,2020-12-30,7
164336,台灣,2020-12-31,7
164337,台灣,2021-01-01,7
164338,台灣,2021-01-02,7
164339,台灣,2021-01-03,7
164340,台灣,2021-01-04,7
164341,台灣,2021-01-05,7
164342,台灣,2021-01-06,7
164343,台灣,2021-01-07,7
164344,台灣,2021-01-08,7
164345,台灣,2021-01-09,7
164346,台灣,2021-01-10,7
164347,台灣,2021-01-11,7
164348,台灣,2021-01-12,7
164349,台灣,2021-01-13,7
164350,台灣,2021-01-14,7
164351,台灣,2021-01-15,7
164352,台灣,2021-01-16,7
164353,台灣,2021-01-17,7
164354,台灣,2021-01-18,7
164355,台灣,2021-01-19,7
164356,台灣,2021-01-20,7
164357,台灣,2021-01-21,7
164358,台灣,2021-01-22,7
164359,台灣,2021-01-23,7
164360,台灣,2021-01-24,7
164361,台灣,2021-01-25,7
164362,台灣,2021-01-26,7
164363,台灣,2021-01-27,7
164364,台灣,2021-01-28,7
164365,台灣,2021-01-29,7
164366,台灣,2021-01-30,8
164367,台灣,2021-01-31,8
164368,台灣,2021-02-01,8
164369,台灣,2021-02-02,8
164370,台灣,2021-02-03,8
164371,台灣,2021-02-04,9
164372,台灣,2021-02-05,9
164373,台灣,2021-02-06,9
164374,台灣,2021-02-07,9
164375,台灣,2021-02-08,9
164376,台灣,2021-02-09,9
164377,台灣,2021-02-10,9
164378,台灣,2021-02-11,9
164379,台灣,2021-02-12,9
164380,台灣,2021-02-13,9
164381,台灣,2021-02-14,9
164382,台灣,2021-02-15,9
164383,台灣,2021-02-16,9
164384,台灣,2021-02-17,9
164385,台灣,2021-02-18,9
164386,台灣,2021-02-19,9
164387,台灣,2021-02-20,9
164388,台灣,2021-02-21,9
164389,台灣,2021-02-22,9
164390,台灣,2021-02-23,9
164391,台灣,2021-02-24,9
164392,台灣,2021-02-25,9
164393,台灣,2021-02-26,9
164394,台灣,2021-02-27,9
164395,台灣,2021-02-28,9
164396,台灣,2021-03-01,9
164397,台灣,2021-03-02,9
164398,台灣,2021-03-03,9
164399,台灣,2021-03-04,9
164400,台灣,2021-03-05,9
164401,台灣,2021-03-06,10
164402,台灣,2021-03-07,10
164403,台灣,2021-03-08,10
164404,台灣,2021-03-09,10
164405,台灣,2021-03-10,10
164406,台灣,2021-03-11,10
164407,台灣,2021-03-12,10
164408,台灣,2021-03-13,10
164409,台灣,2021-03-14,10
164410,台灣,2021-03-15,10
164411,台灣,2021-03-16,10
164412,台灣,2021-03-17,10
164413,台灣,2021-03-18,10
164414,台灣,2021-03-19,10
164415,台灣,2021-03-20,10
164416,台灣,2021-03-21,10
164417,台灣,2021-03-22,10
164418,台灣,2021-03-23,10
164419,台灣,2021-03-24,10
164420,台灣,2021-03-25,10
164421,台灣,2021-03-26,10
164422,台灣,2021-03-27,10
164423,台灣,2021-03-28,10
164424,台灣,2021-03-29,10
164425,台灣,2021-03-30,10
164426,台灣,2021-03-31,10
164427,台灣,2021-04-01,10
164428,台灣,2021-04-02,10
164429,台灣,2021-04-03,10
164430,台灣,2021-04-04,10
164431,台灣,2021-04-05,10
164432,台灣,2021-04-06,10
164433,台灣,2021-04-07,10
164434,台灣,2021-04-08,10
164435,台灣,2021-04-09,10
164436,台灣,2021-04-10,10
164437,台灣,2021-04-11,11
164438,台灣,2021-04-12,11
164439,台灣,2021-04-13,11
164440,台灣,2021-04-14,11
164441,台灣,2021-04-15,11
164442,台灣,2021-04-16,11
164443,台灣,2021-04-17,11
164444,台灣,2021-04-18,11
164445,台灣,2021-04-19,11
164446,台灣,2021-04-20,11
164447,台灣,2021-04-21,11
164448,台灣,2021-04-22,11
164449,台灣,2021-04-23,11
164450,台灣,2021-04-24,12
164451,台灣,2021-04-25,12
164452,台灣,2021-04-26,12
164453,台灣,2021-04-27,12
164454,台灣,2021-04-28,12
164455,台灣,2021-04-29,12
164456,台灣,2021-04-30,12
164457,台灣,2021-05-01,12
164458,台灣,2021-05-02,12
164459,台灣,2021-05-03,12
164460,台灣,2021-05-04,12
164461,台灣,2021-05-05,12
164462,台灣,2021-05-06,12
164463,台灣,2021-05-07,12
164464,台灣,2021-05-08,12
164465,台灣,2021-05-09,12
164466,台灣,2021-05-10,12
164467,台灣,2021-05-11,12
164468,台灣,2021-05-12,12
164469,台灣,2021-05-13,12
164470,台灣,2021-05-14,12
164471,台灣,2021-05-15,12
164472,台灣,2021-05-16,12
164473,台灣,2021-05-17,12
164474,台灣,2021-05-18,14
164475,台灣,2021-05-19,14
164476,台灣,2021-05-20,15
164477,台灣,2021-05-21,15
164478,台灣,2021-05-22,17
164479,台灣,2021-05-23,23
164480,台灣,2021-05-24,29
164481,台灣,2021-05-25,35
164482,台灣,2021-05-26,46
164483,台灣,2021-05-27,59
164484,台灣,2021-05-28,78
164485,台灣,2021-05-29,99
164486,台灣,2021-05-30,109
164487,台灣,2021-05-31,124
164488,台灣,2021-06-01,137
164489,台灣,2021-06-02,149
164490,台灣,2021-06-03,166
164491,台灣,2021-06-04,187
164492,台灣,2021-06-05,224
164493,台灣,2021-06-06,260
164494,台灣,2021-06-07,286
164495,台灣,2021-06-08,308
164496,台灣,2021-06-09,333
164497,台灣,2021-06-10,361
164498,台灣,2021-06-11,385
164499,台灣,2021-06-12,411
164500,台灣,2021-06-13,437
164501,台灣,2021-06-14,452
164502,台灣,2021-06-15,460
164503,台灣,2021-06-16,478
164504,台灣,2021-06-17,497
164505,台灣,2021-06-18,518
164506,台灣,2021-06-19,538
164507,台灣,2021-06-20,549
164508,台灣,2021-06-21,569
164509,台灣,2021-06-22,575
164510,台灣,2021-06-23,599
164511,台灣,2021-06-24,605
164512,台灣,2021-06-25,610
164513,台灣,2021-06-26,623
164514,台灣,2021-06-27,632
164515,台灣,2021-06-28,635
164516,台灣,2021-06-29,643
164517,台灣,2021-06-30,648
164518,台灣,2021-07-01,661
164519,台灣,2021-07-02,676
164520,台灣,2021-07-03,686
164521,台灣,2021-07-04,688
164522,台灣,2021-07-05,689
164523,台灣,2021-07-06,706
164524,台灣,2021-07-07,715
164525,台灣,2021-07-08,718
164526,台灣,2021-07-09,730
164527,台灣,2021-07-10,736
164528,台灣,2021-07-11,740
164529,台灣,2021-07-12,741
164530,台灣,2021-07-13,747
164531,台灣,2021-07-14,753
164532,台灣,2021-07-15,759
164533,台灣,2021-07-16,763
164534,台灣,2021-07-17,764
164535,台灣,2021-07-18,768
164536,台灣,2021-07-19,769
164537,台灣,2021-07-20,773
164538,台灣,2021-07-21,778
164539,台灣,2021-07-22,782
164540,台灣,2021-07-23,784
164541,台灣,2021-07-24,786
164542,台灣,2021-07-25,786
164543,台灣,2021-07-26,786
164544,台灣,2021-07-27,787
164545,台灣,2021-07-28,787
164546,台灣,2021-07-29,787
164547,台灣,2021-07-30,787
164548,台灣,2021-07-31,787
164549,台灣,2021-08-01,789
164550,台灣,2021-08-02,789
164551,台灣,2021-08-03,791
164552,台灣,2021-08-04,791
164553,台灣,2021-08-05,791
164554,台灣,2021-08-06,794
164555,台灣,2021-08-07,806
164556,台灣,2021-08-08,809
164557,台灣,2021-08-09,813
164558,台灣,2021-08-10,814
164559,台灣,2021-08-11,816
164560,台灣,2021-08-12,817
164561,台灣,2021-08-13,819
164562,台灣,2021-08-14,821
164563,台灣,2021-08-15,821
164564,台灣,2021-08-16,821
164565,台灣,2021-08-17,821
164566,台灣,2021-08-18,821
164567,台灣,2021-08-19,826
164568,台灣,2021-08-20,827
164569,台灣,2021-08-21,828
164570,台灣,2021-08-22,828
164571,台灣,2021-08-23,828
164572,台灣,2021-08-24,829
164573,台灣,2021-08-25,830
164574,台灣,2021-08-26,832
164575,台灣,2021-08-27,833
164576,台灣,2021-08-28,833
164577,台灣,2021-08-29,834
164578,台灣,2021-08-30,834
164579,台灣,2021-08-31,835
164580,台灣,2021-09-01,836
164581,台灣,2021-09-02,837
164582,台灣,2021-09-03,837
164583,台灣,2021-09-04,837
164584,台灣,2021-09-05,837
164585,台灣,2021-09-06,837
164586,台灣,2021-09-07,837
164587,台灣,2021-09-08,837
164588,台灣,2021-09-09,838
164589,台灣,2021-09-10,839
164590,台灣,2021-09-11,839
164591,台灣,2021-09-12,839
164592,台灣,2021-09-13,839
164593,台灣,2021-09-14,839
164594,台灣,2021-09-15,839
164595,台灣,2021-09-16,839
164596,台灣,2021-09-17,839
164597,台灣,2021-09-18,839
164598,台灣,2021-09-19,840
164599,台灣,2021-09-20,840
164600,台灣,2021-09-21,840
164601,台灣,2021-09-22,841
164602,台灣,2021-09-23,841
164603,台灣,2021-09-24,841
164604,台灣,2021-09-25,841
164605,台灣,2021-09-26,841
164606,台灣,2021-09-27,842
164607,台灣,2021-09-28,842
164608,台灣,2021-09-29,842
164609,台灣,2021-09-30,842
164610,台灣,2021-10-01,843
164611,台灣,2021-10-02,843
164612,台灣,2021-10-03,843
164613,台灣,2021-10-04,844
164614,台灣,2021-10-05,844
164615,台灣,2021-10-06,844
164616,台灣,2021-10-07,844
164617,台灣,2021-10-08,845
164618,台灣,2021-10-09,846
164619,台灣,2021-10-10,846
164620,台灣,2021-10-11,846
164621,台灣,2021-10-12,846
164622,台灣,2021-10-13,846
164623,台灣,2021-10-14,846
164624,台灣,2021-10-15,846
164625,台灣,2021-10-16,846
164626,台灣,2021-10-17,846
164627,台灣,2021-10-18,846
164628,台灣,2021-10-19,846
164629,台灣,2021-10-20,846
164630,台灣,2021-10-21,846
164631,台灣,2021-10-22,846
164632,台灣,2021-10-23,846
164633,台灣,2021-10-24,846
164634,台灣,2021-10-25,847
164635,台灣,2021-10-26,847
164636,台灣,2021-10-27,847
164637,台灣,2021-10-28,847
164638,台灣,2021-10-29,847
164639,台灣,2021-10-30,847
164640,台灣,2021-10-31,847
164641,台灣,2021-11-01,847
164642,台灣,2021-11-02,847
164643,台灣,2021-11-03,847
164644,台灣,2021-11-04,847
164645,台灣,2021-11-05,847
164646,台灣,2021-11-06,847
164647,台灣,2021-11-07,847
164648,台灣,2021-11-08,847
164649,台灣,2021-11-09,848
164650,台灣,2021-11-10,848
164651,台灣,2021-11-11,848
164652,台灣,2021-11-12,848
164653,台灣,2021-11-13,848
164654,台灣,2021-11-14,848
164655,台灣,2021-11-15,848
164656,台灣,2021-11-16,848
164657,台灣,2021-11-17,848
164658,台灣,2021-11-18,848
164659,台灣,2021-11-19,848
164660,台灣,2021-11-20,848
164661,台灣,2021-11-21,848
164662,台灣,2021-11-22,848
164663,台灣,2021-11-23,848
164664,台灣,2021-11-24,848
164665,台灣,2021-11-25,848
164666,台灣,2021-11-26,848
164667,台灣,2021-11-27,848
164668,台灣,2021-11-28,848
164669,台灣,2021-11-29,848
164670,台灣,2021-11-30,848
164671,台灣,2021-12-01,848
164672,台灣,2021-12-02,848
164673,台灣,2021-12-03,848
164674,台灣,2021-12-04,848
164675,台灣,2021-12-05,848
164676,台灣,2021-12-06,848
164677,台灣,2021-12-07,848
164678,台灣,2021-12-08,848
164679,台灣,2021-12-09,848
164680,台灣,2021-12-10,848
164681,台灣,2021-12-11,848
164682,台灣,2021-12-12,848
164683,台灣,2021-12-13,848
164684,台灣,2021-12-14,848
164685,台灣,2021-12-15,849
164686,台灣,2021-12-16,849
164687,台灣,2021-12-17,849
164688,台灣,2021-12-18,849
164689,台灣,2021-12-19,850
164690,台灣,2021-12-20,850
164691,台灣,2021-12-21,850
164692,台灣,2021-12-22,850
164693,台灣,2021-12-23,850
164694,台灣,2021-12-24,850
164695,台灣,2021-12-25,850
164696,台灣,2021-12-26,850
164697,台灣,2021-12-27,850
164698,台灣,2021-12-28,850
164699,台灣,2021-12-29,850
164700,台灣,2021-12-30,850
164701,台灣,2021-12-31,850
164702,台灣,2022-01-01,850
164703,台灣,2022-01-02,850
164704,台灣,2022-01-03,850
164705,台灣,2022-01-04,850
164706,台灣,2022-01-05,850
164707,台灣,2022-01-06,850
164708,台灣,2022-01-07,850
164709,台灣,2022-01-08,850
164710,台灣,2022-01-09,850
164711,台灣,2022-01-10,850
164712,台灣,2022-01-11,850
164713,台灣,2022-01-12,850
164714,台灣,2022-01-13,851
164715,台灣,2022-01-14,851
164716,台灣,2022-01-15,851
164717,台灣,2022-01-16,851
164718,台灣,2022-01-17,851
164719,台灣,2022-01-18,851
164720,台灣,2022-01-19,851
164721,台灣,2022-01-20,851
164722,台灣,2022-01-21,851
164723,台灣,2022-01-22,851
164724,台灣,2022-01-23,851
164725,台灣,2022-01-24,851
164726,台灣,2022-01-25,851
164727,台灣,2022-01-26,851
164728,台灣,2022-01-27,851
164729,台灣,2022-01-28,851
164730,台灣,2022-01-29,851
164731,台灣,2022-01-30,851
164732,台灣,2022-01-31,851
164733,台灣,2022-02-01,851
164734,台灣,2022-02-02,851
164735,台灣,2022-02-03,851
164736,台灣,2022-02-04,851
164737,台灣,2022-02-05,851
164738,台灣,2022-02-06,851
164739,台灣,2022-02-07,851
164740,台灣,2022-02-08,851
164741,台灣,2022-02-09,851
164742,台灣,2022-02-10,851
164743,台灣,2022-02-11,851
164744,台灣,2022-02-12,851
164745,台灣,2022-02-13,851
164746,台灣,2022-02-14,851
164747,台灣,2022-02-15,852
164748,台灣,2022-02-16,852
164749,台灣,2022-02-17,852
164750,台灣,2022-02-18,852
164751,台灣,2022-02-19,852
164752,台灣,2022-02-20,852
164753,台灣,2022-02-21,852
164754,台灣,2022-02-22,852
164755,台灣,2022-02-23,852
164756,台灣,2022-02-24,852
164757,台灣,2022-02-25,853
164758,台灣,2022-02-26,853
164759,台灣,2022-02-27,853
164760,台灣,2022-02-28,853
164761,台灣,2022-03-01,853
164762,台灣,2022-03-02,853
164763,台灣,2022-03-03,853
164764,台灣,2022-03-04,853
164765,台灣,2022-03-05,853
164766,台灣,2022-03-06,853
164767,台灣,2022-03-07,853
164768,台灣,2022-03-08,853
164769,台灣,2022-03-09,853
164770,台灣,2022-03-10,853
164771,台灣,2022-03-11,853
164772,台灣,2022-03-12,853
164773,台灣,2022-03-13,853
164774,台灣,2022-03-14,853
164775,台灣,2022-03-15,853
164776,台灣,2022-03-16,853
164777,台灣,2022-03-17,853
164778,台灣,2022-03-18,853
164779,台灣,2022-03-19,853
164780,台灣,2022-03-20,853
164781,台灣,2022-03-21,853
164782,台灣,2022-03-22,853
164783,台灣,2022-03-23,853
164784,台灣,2022-03-24,853
164785,台灣,2022-03-25,853
164786,台灣,2022-03-26,853
164787,台灣,2022-03-27,853
164788,台灣,2022-03-28,853
164789,台灣,2022-03-29,853
164790,台灣,2022-03-30,853
164791,台灣,2022-03-31,853
164792,台灣,2022-04-01,853
164793,台灣,2022-04-02,853
164794,台灣,2022-04-03,853
164795,台灣,2022-04-04,853
164796,台灣,2022-04-05,853
164797,台灣,2022-04-06,853
164798,台灣,2022-04-07,853
164799,台灣,2022-04-08,853
164800,台灣,2022-04-09,854
164801,台灣,2022-04-10,854
164802,台灣,2022-04-11,854
164803,台灣,2022-04-12,854
164804,台灣,2022-04-13,854
164805,台灣,2022-04-14,854
164806,台灣,2022-04-15,854
164807,台灣,2022-04-16,854
164808,台灣,2022-04-17,854
164809,台灣,2022-04-18,854
164810,台灣,2022-04-19,854
164811,台灣,2022-04-20,856
164812,台灣,2022-04-21,856
164813,台灣,2022-04-22,856
164814,台灣,2022-04-23,856
164815,台灣,2022-04-24,856
164816,台灣,2022-04-25,856
164817,台灣,2022-04-26,856
164818,台灣,2022-04-27,858
164819,台灣,2022-04-28,860
164820,台灣,2022-04-29,862
164821,台灣,2022-04-30,865
164822,台灣,2022-05-01,868
164823,台灣,2022-05-02,868
164824,台灣,2022-05-03,876
164825,台灣,2022-05-04,881
164826,台灣,2022-05-05,886
164827,台灣,2022-05-06,896
164828,台灣,2022-05-07,896
164829,台灣,2022-05-08,896
164830,台灣,2022-05-09,931
164831,台灣,2022-05-10,943
164832,台灣,2022-05-11,951
164833,台灣,2022-05-12,968
164834,台灣,2022-05-13,968
164835,台灣,2022-05-14,1049
164836,台灣,2022-05-15,1068
164837,台灣,2022-05-16,1097
164838,台灣,2022-05-17,1135
164839,台灣,2022-05-18,1176
164840,台灣,2022-05-19,1235
164841,台灣,2022-05-20,1284
164842,台灣,2022-05-21,1343
164843,台灣,2022-05-22,1396
164844,台灣,2022-05-23,1436
164845,台灣,2022-05-24,1478
164846,台灣,2022-05-25,1554
164847,台灣,2022-05-26,1658
164848,台灣,2022-05-27,1784
164849,台灣,2022-05-28,1947
164850,台灣,2022-05-29,2056
164851,台灣,2022-05-30,2165
164852,台灣,2022-05-31,2255
164853,台灣,2022-06-01,2377
164854,台灣,2022-06-02,2521
164855,台灣,2022-06-03,2663
164856,台灣,2022-06-04,2663
164857,台灣,2022-06-05,2939
164858,台灣,2022-06-06,3090
164859,台灣,2022-06-07,3214
164860,台灣,2022-06-08,3373
164861,台灣,2022-06-09,3584
164862,台灣,2022-06-10,3797
164863,台灣,2022-06-11,4008
164864,台灣,2022-06-12,4171
164865,台灣,2022-06-13,4280
164866,台灣,2022-06-14,4403
164867,台灣,2022-06-15,4546
164868,台灣,2022-06-16,4714
164869,台灣,2022-06-17,4868
164870,台灣,2022-06-18,5049
164871,台灣,2022-06-19,5221
164872,台灣,2022-06-20,5365
164873,台灣,2022-06-21,5480
164874,台灣,2022-06-22,5651
164875,台灣,2022-06-23,5817
164876,台灣,2022-06-24,5969
164877,台灣,2022-06-25,6120
164878,台灣,2022-06-26,6254
164879,台灣,2022-06-27,6345
164880,台灣,2022-06-28,6448
164881,台灣,2022-06-29,6533
164882,台灣,2022-06-30,6651
164883,台灣,2022-07-01,6772
164884,台灣,2022-07-02,6868
164885,台灣,2022-07-03,6956
164886,台灣,2022-07-04,7025
164887,台灣,2022-07-05,7128
164888,台灣,2022-07-06,7223
